"LOCATION","INDICATOR","SUBJECT","MEASURE","FREQUENCY","TIME","Value","Flag Codes"
"AUS","NURSEGRAD","TOT","100000HAB","A","2001",50.44,
"AUS","NURSEGRAD","TOT","100000HAB","A","2002",52.27,
"AUS","NURSEGRAD","TOT","100000HAB","A","2003",51.44,
"AUS","NURSEGRAD","TOT","100000HAB","A","2004",53.71,
"AUS","NURSEGRAD","TOT","100000HAB","A","2005",50.78,
"AUS","NURSEGRAD","TOT","100000HAB","A","2006",53.07,
"AUS","NURSEGRAD","TOT","100000HAB","A","2007",58.16,
"AUS","NURSEGRAD","TOT","100000HAB","A","2008",61.62,
"AUS","NURSEGRAD","TOT","100000HAB","A","2009",63.49,
"AUS","NURSEGRAD","TOT","100000HAB","A","2010",67.57,
"AUS","NURSEGRAD","TOT","100000HAB","A","2011",71.64,
"AUS","NURSEGRAD","TOT","100000HAB","A","2012",71.68,
"AUS","NURSEGRAD","TOT","100000HAB","A","2013",74.81,
"AUS","NURSEGRAD","TOT","100000HAB","A","2014",75.84,
"AUS","NURSEGRAD","TOT","100000HAB","A","2015",76.8,
"AUS","NURSEGRAD","TOT","100000HAB","A","2016",81.99,
"AUS","NURSEGRAD","TOT","100000HAB","A","2017",84.54,
"AUS","NURSEGRAD","TOT","100000HAB","A","2018",96.04,
"AUS","NURSEGRAD","TOT","100000HAB","A","2019",108.89,
"AUT","NURSEGRAD","TOT","100000HAB","A","1980",26.25,
"AUT","NURSEGRAD","TOT","100000HAB","A","1981",24.28,
"AUT","NURSEGRAD","TOT","100000HAB","A","1982",24.97,
"AUT","NURSEGRAD","TOT","100000HAB","A","1983",26.5,
"AUT","NURSEGRAD","TOT","100000HAB","A","1984",26.89,
"AUT","NURSEGRAD","TOT","100000HAB","A","1985",26.6,
"AUT","NURSEGRAD","TOT","100000HAB","A","1986",31.44,
"AUT","NURSEGRAD","TOT","100000HAB","A","1987",30.6,
"AUT","NURSEGRAD","TOT","100000HAB","A","1988",31.07,
"AUT","NURSEGRAD","TOT","100000HAB","A","1989",26.77,
"AUT","NURSEGRAD","TOT","100000HAB","A","1990",26.53,
"AUT","NURSEGRAD","TOT","100000HAB","A","1991",26.85,
"AUT","NURSEGRAD","TOT","100000HAB","A","1992",33.62,
"AUT","NURSEGRAD","TOT","100000HAB","A","1993",33.55,
"AUT","NURSEGRAD","TOT","100000HAB","A","1994",33.68,
"AUT","NURSEGRAD","TOT","100000HAB","A","1995",34.18,
"AUT","NURSEGRAD","TOT","100000HAB","A","1996",37.68,
"AUT","NURSEGRAD","TOT","100000HAB","A","1997",37.42,
"AUT","NURSEGRAD","TOT","100000HAB","A","1998",38.85,
"AUT","NURSEGRAD","TOT","100000HAB","A","1999",36.4,
"AUT","NURSEGRAD","TOT","100000HAB","A","2000",34.35,
"AUT","NURSEGRAD","TOT","100000HAB","A","2001",28.95,
"AUT","NURSEGRAD","TOT","100000HAB","A","2002",30.88,
"AUT","NURSEGRAD","TOT","100000HAB","A","2003",30.67,
"AUT","NURSEGRAD","TOT","100000HAB","A","2004",35.49,
"AUT","NURSEGRAD","TOT","100000HAB","A","2005",30.34,
"AUT","NURSEGRAD","TOT","100000HAB","A","2006",34.48,
"AUT","NURSEGRAD","TOT","100000HAB","A","2007",34.09,
"AUT","NURSEGRAD","TOT","100000HAB","A","2008",39.94,
"AUT","NURSEGRAD","TOT","100000HAB","A","2009",33.51,
"AUT","NURSEGRAD","TOT","100000HAB","A","2010",34.84,
"AUT","NURSEGRAD","TOT","100000HAB","A","2011",34.43,
"AUT","NURSEGRAD","TOT","100000HAB","A","2012",35.74,
"AUT","NURSEGRAD","TOT","100000HAB","A","2013",36.98,
"AUT","NURSEGRAD","TOT","100000HAB","A","2014",33.83,
"AUT","NURSEGRAD","TOT","100000HAB","A","2015",31.75,
"AUT","NURSEGRAD","TOT","100000HAB","A","2016",34.45,
"AUT","NURSEGRAD","TOT","100000HAB","A","2017",32.3,
"AUT","NURSEGRAD","TOT","100000HAB","A","2018",38.05,
"AUT","NURSEGRAD","TOT","100000HAB","A","2019",40.37,"E"
"BEL","NURSEGRAD","TOT","100000HAB","A","1994",33.34,
"BEL","NURSEGRAD","TOT","100000HAB","A","1995",32.95,
"BEL","NURSEGRAD","TOT","100000HAB","A","1996",37.28,
"BEL","NURSEGRAD","TOT","100000HAB","A","1997",39.2,
"BEL","NURSEGRAD","TOT","100000HAB","A","1998",42.99,
"BEL","NURSEGRAD","TOT","100000HAB","A","1999",45.97,
"BEL","NURSEGRAD","TOT","100000HAB","A","2000",44.71,
"BEL","NURSEGRAD","TOT","100000HAB","A","2001",44.28,
"BEL","NURSEGRAD","TOT","100000HAB","A","2002",43.3,
"BEL","NURSEGRAD","TOT","100000HAB","A","2003",42,
"BEL","NURSEGRAD","TOT","100000HAB","A","2004",38.22,
"BEL","NURSEGRAD","TOT","100000HAB","A","2005",39.58,
"BEL","NURSEGRAD","TOT","100000HAB","A","2006",31.51,
"BEL","NURSEGRAD","TOT","100000HAB","A","2007",33.56,
"BEL","NURSEGRAD","TOT","100000HAB","A","2008",32.46,
"BEL","NURSEGRAD","TOT","100000HAB","A","2009",37.25,
"BEL","NURSEGRAD","TOT","100000HAB","A","2010",41.69,
"BEL","NURSEGRAD","TOT","100000HAB","A","2011",37.51,
"BEL","NURSEGRAD","TOT","100000HAB","A","2012",42.63,
"BEL","NURSEGRAD","TOT","100000HAB","A","2013",47.54,
"BEL","NURSEGRAD","TOT","100000HAB","A","2014",47.42,
"BEL","NURSEGRAD","TOT","100000HAB","A","2015",49.68,
"BEL","NURSEGRAD","TOT","100000HAB","A","2016",55.03,
"BEL","NURSEGRAD","TOT","100000HAB","A","2017",56.9,
"BEL","NURSEGRAD","TOT","100000HAB","A","2018",63.03,
"BEL","NURSEGRAD","TOT","100000HAB","A","2019",31.06,"B"
"BEL","NURSEGRAD","TOT","100000HAB","A","2020",45.08,
"CAN","NURSEGRAD","TOT","100000HAB","A","1998",27.11,
"CAN","NURSEGRAD","TOT","100000HAB","A","2000",25.19,
"CAN","NURSEGRAD","TOT","100000HAB","A","2007",47.54,"B"
"CAN","NURSEGRAD","TOT","100000HAB","A","2008",44.94,
"CAN","NURSEGRAD","TOT","100000HAB","A","2009",45.84,
"CAN","NURSEGRAD","TOT","100000HAB","A","2010",51.38,
"CAN","NURSEGRAD","TOT","100000HAB","A","2011",55.49,
"CAN","NURSEGRAD","TOT","100000HAB","A","2012",57.83,
"CAN","NURSEGRAD","TOT","100000HAB","A","2013",56.8,
"CAN","NURSEGRAD","TOT","100000HAB","A","2015",58.72,
"CAN","NURSEGRAD","TOT","100000HAB","A","2016",56.13,
"CAN","NURSEGRAD","TOT","100000HAB","A","2017",52.71,
"CZE","NURSEGRAD","TOT","100000HAB","A","1980",37.28,
"CZE","NURSEGRAD","TOT","100000HAB","A","1981",39.09,
"CZE","NURSEGRAD","TOT","100000HAB","A","1982",41.35,
"CZE","NURSEGRAD","TOT","100000HAB","A","1983",44.6,
"CZE","NURSEGRAD","TOT","100000HAB","A","1984",40.23,
"CZE","NURSEGRAD","TOT","100000HAB","A","1985",40.84,
"CZE","NURSEGRAD","TOT","100000HAB","A","1986",46.15,
"CZE","NURSEGRAD","TOT","100000HAB","A","1987",40.69,
"CZE","NURSEGRAD","TOT","100000HAB","A","1988",39.3,
"CZE","NURSEGRAD","TOT","100000HAB","A","1989",45.09,
"CZE","NURSEGRAD","TOT","100000HAB","A","1990",45.33,
"CZE","NURSEGRAD","TOT","100000HAB","A","1991",51.53,
"CZE","NURSEGRAD","TOT","100000HAB","A","1992",60.55,
"CZE","NURSEGRAD","TOT","100000HAB","A","1993",65.94,
"CZE","NURSEGRAD","TOT","100000HAB","A","1994",71.37,
"CZE","NURSEGRAD","TOT","100000HAB","A","1995",63.14,
"CZE","NURSEGRAD","TOT","100000HAB","A","1996",48.41,
"CZE","NURSEGRAD","TOT","100000HAB","A","1997",42.46,
"CZE","NURSEGRAD","TOT","100000HAB","A","1998",41.72,
"CZE","NURSEGRAD","TOT","100000HAB","A","1999",41.13,
"CZE","NURSEGRAD","TOT","100000HAB","A","2000",15.62,"B"
"CZE","NURSEGRAD","TOT","100000HAB","A","2001",45,
"CZE","NURSEGRAD","TOT","100000HAB","A","2002",43.36,
"CZE","NURSEGRAD","TOT","100000HAB","A","2003",46.46,
"CZE","NURSEGRAD","TOT","100000HAB","A","2004",50.56,
"CZE","NURSEGRAD","TOT","100000HAB","A","2005",47.43,
"CZE","NURSEGRAD","TOT","100000HAB","A","2006",49.12,
"CZE","NURSEGRAD","TOT","100000HAB","A","2007",35.37,"B"
"CZE","NURSEGRAD","TOT","100000HAB","A","2008",15.52,
"CZE","NURSEGRAD","TOT","100000HAB","A","2009",13.95,
"CZE","NURSEGRAD","TOT","100000HAB","A","2010",12.25,
"CZE","NURSEGRAD","TOT","100000HAB","A","2011",17.36,
"CZE","NURSEGRAD","TOT","100000HAB","A","2012",17.22,
"CZE","NURSEGRAD","TOT","100000HAB","A","2013",14.88,
"CZE","NURSEGRAD","TOT","100000HAB","A","2014",15.16,
"CZE","NURSEGRAD","TOT","100000HAB","A","2015",15.79,
"CZE","NURSEGRAD","TOT","100000HAB","A","2016",15.84,
"CZE","NURSEGRAD","TOT","100000HAB","A","2017",29.06,"B"
"CZE","NURSEGRAD","TOT","100000HAB","A","2018",27.64,
"CZE","NURSEGRAD","TOT","100000HAB","A","2019",28.72,
"DNK","NURSEGRAD","TOT","100000HAB","A","1980",30.39,
"DNK","NURSEGRAD","TOT","100000HAB","A","1981",31.57,
"DNK","NURSEGRAD","TOT","100000HAB","A","1982",30.87,
"DNK","NURSEGRAD","TOT","100000HAB","A","1983",32.34,
"DNK","NURSEGRAD","TOT","100000HAB","A","1984",35.62,
"DNK","NURSEGRAD","TOT","100000HAB","A","1985",36.39,
"DNK","NURSEGRAD","TOT","100000HAB","A","1986",37.01,
"DNK","NURSEGRAD","TOT","100000HAB","A","1987",37.55,
"DNK","NURSEGRAD","TOT","100000HAB","A","1988",38.68,
"DNK","NURSEGRAD","TOT","100000HAB","A","1989",36.2,
"DNK","NURSEGRAD","TOT","100000HAB","A","1990",37.37,
"DNK","NURSEGRAD","TOT","100000HAB","A","1991",36.34,
"DNK","NURSEGRAD","TOT","100000HAB","A","1992",33.86,
"DNK","NURSEGRAD","TOT","100000HAB","A","1993",36.87,
"DNK","NURSEGRAD","TOT","100000HAB","A","1994",29.85,
"DNK","NURSEGRAD","TOT","100000HAB","A","1995",34.95,
"DNK","NURSEGRAD","TOT","100000HAB","A","1996",35.59,
"DNK","NURSEGRAD","TOT","100000HAB","A","1997",34.82,
"DNK","NURSEGRAD","TOT","100000HAB","A","1998",38.29,
"DNK","NURSEGRAD","TOT","100000HAB","A","1999",37.77,
"DNK","NURSEGRAD","TOT","100000HAB","A","2000",37.59,
"DNK","NURSEGRAD","TOT","100000HAB","A","2001",36.74,
"DNK","NURSEGRAD","TOT","100000HAB","A","2002",35.47,
"DNK","NURSEGRAD","TOT","100000HAB","A","2003",35.38,
"DNK","NURSEGRAD","TOT","100000HAB","A","2004",35.97,
"DNK","NURSEGRAD","TOT","100000HAB","A","2005",32.42,
"DNK","NURSEGRAD","TOT","100000HAB","A","2006",34.58,
"DNK","NURSEGRAD","TOT","100000HAB","A","2007",36.82,
"DNK","NURSEGRAD","TOT","100000HAB","A","2008",37.61,
"DNK","NURSEGRAD","TOT","100000HAB","A","2009",40.58,
"DNK","NURSEGRAD","TOT","100000HAB","A","2010",40.16,
"DNK","NURSEGRAD","TOT","100000HAB","A","2011",40.23,
"DNK","NURSEGRAD","TOT","100000HAB","A","2012",36.27,
"DNK","NURSEGRAD","TOT","100000HAB","A","2013",41.91,
"DNK","NURSEGRAD","TOT","100000HAB","A","2014",44.8,
"DNK","NURSEGRAD","TOT","100000HAB","A","2015",43.51,
"DNK","NURSEGRAD","TOT","100000HAB","A","2016",43.98,
"DNK","NURSEGRAD","TOT","100000HAB","A","2017",44.37,
"DNK","NURSEGRAD","TOT","100000HAB","A","2018",44.65,
"FIN","NURSEGRAD","TOT","100000HAB","A","1980",74.69,
"FIN","NURSEGRAD","TOT","100000HAB","A","1981",68.5,
"FIN","NURSEGRAD","TOT","100000HAB","A","1982",70.27,
"FIN","NURSEGRAD","TOT","100000HAB","A","1983",76.59,
"FIN","NURSEGRAD","TOT","100000HAB","A","1984",69.3,
"FIN","NURSEGRAD","TOT","100000HAB","A","1985",85.59,
"FIN","NURSEGRAD","TOT","100000HAB","A","1986",87.94,
"FIN","NURSEGRAD","TOT","100000HAB","A","1987",97.1,
"FIN","NURSEGRAD","TOT","100000HAB","A","1988",87.48,
"FIN","NURSEGRAD","TOT","100000HAB","A","1989",80.53,
"FIN","NURSEGRAD","TOT","100000HAB","A","1990",60.26,
"FIN","NURSEGRAD","TOT","100000HAB","A","1991",86.42,
"FIN","NURSEGRAD","TOT","100000HAB","A","1992",110.69,
"FIN","NURSEGRAD","TOT","100000HAB","A","1993",130.86,
"FIN","NURSEGRAD","TOT","100000HAB","A","1994",133.15,
"FIN","NURSEGRAD","TOT","100000HAB","A","1995",112.61,
"FIN","NURSEGRAD","TOT","100000HAB","A","1996",88.28,
"FIN","NURSEGRAD","TOT","100000HAB","A","1997",90.26,
"FIN","NURSEGRAD","TOT","100000HAB","A","1998",85.98,
"FIN","NURSEGRAD","TOT","100000HAB","A","1999",79.1,
"FIN","NURSEGRAD","TOT","100000HAB","A","2000",68.95,
"FIN","NURSEGRAD","TOT","100000HAB","A","2001",61.58,
"FIN","NURSEGRAD","TOT","100000HAB","A","2002",59.3,
"FIN","NURSEGRAD","TOT","100000HAB","A","2003",51.43,
"FIN","NURSEGRAD","TOT","100000HAB","A","2004",47.84,
"FIN","NURSEGRAD","TOT","100000HAB","A","2005",44.78,
"FIN","NURSEGRAD","TOT","100000HAB","A","2006",46.58,
"FIN","NURSEGRAD","TOT","100000HAB","A","2007",49.79,
"FIN","NURSEGRAD","TOT","100000HAB","A","2008",56.1,
"FIN","NURSEGRAD","TOT","100000HAB","A","2009",57.62,
"FIN","NURSEGRAD","TOT","100000HAB","A","2010",60.58,
"FIN","NURSEGRAD","TOT","100000HAB","A","2011",63.53,
"FIN","NURSEGRAD","TOT","100000HAB","A","2012",67.05,
"FIN","NURSEGRAD","TOT","100000HAB","A","2013",69,
"FIN","NURSEGRAD","TOT","100000HAB","A","2014",71.26,
"FIN","NURSEGRAD","TOT","100000HAB","A","2015",73.38,
"FIN","NURSEGRAD","TOT","100000HAB","A","2016",72.75,
"FIN","NURSEGRAD","TOT","100000HAB","A","2017",81.51,
"FIN","NURSEGRAD","TOT","100000HAB","A","2018",82.04,
"FIN","NURSEGRAD","TOT","100000HAB","A","2019",81.84,
"FRA","NURSEGRAD","TOT","100000HAB","A","1991",19.61,
"FRA","NURSEGRAD","TOT","100000HAB","A","1992",21.05,
"FRA","NURSEGRAD","TOT","100000HAB","A","1993",22.34,
"FRA","NURSEGRAD","TOT","100000HAB","A","1994",24.72,
"FRA","NURSEGRAD","TOT","100000HAB","A","1995",22.65,
"FRA","NURSEGRAD","TOT","100000HAB","A","1996",27.34,
"FRA","NURSEGRAD","TOT","100000HAB","A","1997",28.26,
"FRA","NURSEGRAD","TOT","100000HAB","A","1998",26.14,
"FRA","NURSEGRAD","TOT","100000HAB","A","1999",26.39,
"FRA","NURSEGRAD","TOT","100000HAB","A","2000",24.7,
"FRA","NURSEGRAD","TOT","100000HAB","A","2001",24.72,
"FRA","NURSEGRAD","TOT","100000HAB","A","2002",27.04,
"FRA","NURSEGRAD","TOT","100000HAB","A","2003",30.51,
"FRA","NURSEGRAD","TOT","100000HAB","A","2004",34.3,
"FRA","NURSEGRAD","TOT","100000HAB","A","2005",36.3,
"FRA","NURSEGRAD","TOT","100000HAB","A","2006",35.71,
"FRA","NURSEGRAD","TOT","100000HAB","A","2007",36.5,
"FRA","NURSEGRAD","TOT","100000HAB","A","2008",36.3,
"FRA","NURSEGRAD","TOT","100000HAB","A","2009",37.07,
"FRA","NURSEGRAD","TOT","100000HAB","A","2010",36.85,
"FRA","NURSEGRAD","TOT","100000HAB","A","2011",37.98,
"FRA","NURSEGRAD","TOT","100000HAB","A","2012",42.72,
"FRA","NURSEGRAD","TOT","100000HAB","A","2013",41.35,
"FRA","NURSEGRAD","TOT","100000HAB","A","2014",40.9,
"FRA","NURSEGRAD","TOT","100000HAB","A","2015",41.14,
"FRA","NURSEGRAD","TOT","100000HAB","A","2016",40.92,
"FRA","NURSEGRAD","TOT","100000HAB","A","2017",40.81,
"FRA","NURSEGRAD","TOT","100000HAB","A","2018",40.35,
"DEU","NURSEGRAD","TOT","100000HAB","A","1996",41.46,
"DEU","NURSEGRAD","TOT","100000HAB","A","1997",41.94,
"DEU","NURSEGRAD","TOT","100000HAB","A","1998",44.24,
"DEU","NURSEGRAD","TOT","100000HAB","A","1999",44,
"DEU","NURSEGRAD","TOT","100000HAB","A","2000",40.42,
"DEU","NURSEGRAD","TOT","100000HAB","A","2001",41.32,
"DEU","NURSEGRAD","TOT","100000HAB","A","2002",39.89,
"DEU","NURSEGRAD","TOT","100000HAB","A","2003",40.02,
"DEU","NURSEGRAD","TOT","100000HAB","A","2004",43.31,
"DEU","NURSEGRAD","TOT","100000HAB","A","2005",44.37,
"DEU","NURSEGRAD","TOT","100000HAB","A","2006",46.32,
"DEU","NURSEGRAD","TOT","100000HAB","A","2007",45.58,
"DEU","NURSEGRAD","TOT","100000HAB","A","2008",43.69,
"DEU","NURSEGRAD","TOT","100000HAB","A","2009",45.14,
"DEU","NURSEGRAD","TOT","100000HAB","A","2010",45.07,
"DEU","NURSEGRAD","TOT","100000HAB","A","2011",46.04,
"DEU","NURSEGRAD","TOT","100000HAB","A","2012",52.63,"B"
"DEU","NURSEGRAD","TOT","100000HAB","A","2013",55.31,
"DEU","NURSEGRAD","TOT","100000HAB","A","2014",53.81,
"DEU","NURSEGRAD","TOT","100000HAB","A","2015",54.47,
"DEU","NURSEGRAD","TOT","100000HAB","A","2016",56.24,
"DEU","NURSEGRAD","TOT","100000HAB","A","2017",54.49,
"DEU","NURSEGRAD","TOT","100000HAB","A","2018",52.93,
"DEU","NURSEGRAD","TOT","100000HAB","A","2019",54.34,
"HUN","NURSEGRAD","TOT","100000HAB","A","1984",79.35,
"HUN","NURSEGRAD","TOT","100000HAB","A","1985",78.08,
"HUN","NURSEGRAD","TOT","100000HAB","A","1986",80.03,
"HUN","NURSEGRAD","TOT","100000HAB","A","1987",42.99,
"HUN","NURSEGRAD","TOT","100000HAB","A","1988",43.16,
"HUN","NURSEGRAD","TOT","100000HAB","A","1989",39.4,
"HUN","NURSEGRAD","TOT","100000HAB","A","1990",49.54,
"HUN","NURSEGRAD","TOT","100000HAB","A","1991",47.33,
"HUN","NURSEGRAD","TOT","100000HAB","A","1992",54.21,
"HUN","NURSEGRAD","TOT","100000HAB","A","1993",57.53,
"HUN","NURSEGRAD","TOT","100000HAB","A","1994",55.94,
"HUN","NURSEGRAD","TOT","100000HAB","A","1995",52.13,
"HUN","NURSEGRAD","TOT","100000HAB","A","1996",44.46,
"HUN","NURSEGRAD","TOT","100000HAB","A","1997",52.63,
"HUN","NURSEGRAD","TOT","100000HAB","A","1998",51.83,
"HUN","NURSEGRAD","TOT","100000HAB","A","1999",42.76,
"HUN","NURSEGRAD","TOT","100000HAB","A","2000",44.53,
"HUN","NURSEGRAD","TOT","100000HAB","A","2001",46.29,
"HUN","NURSEGRAD","TOT","100000HAB","A","2002",42.17,
"HUN","NURSEGRAD","TOT","100000HAB","A","2003",41.81,
"HUN","NURSEGRAD","TOT","100000HAB","A","2004",43.92,
"HUN","NURSEGRAD","TOT","100000HAB","A","2005",41.77,
"HUN","NURSEGRAD","TOT","100000HAB","A","2006",40.02,
"HUN","NURSEGRAD","TOT","100000HAB","A","2007",36.64,
"HUN","NURSEGRAD","TOT","100000HAB","A","2008",31.46,
"HUN","NURSEGRAD","TOT","100000HAB","A","2009",33.61,
"HUN","NURSEGRAD","TOT","100000HAB","A","2010",28.63,
"HUN","NURSEGRAD","TOT","100000HAB","A","2011",25.51,
"HUN","NURSEGRAD","TOT","100000HAB","A","2012",26.17,
"HUN","NURSEGRAD","TOT","100000HAB","A","2013",34,
"HUN","NURSEGRAD","TOT","100000HAB","A","2014",40.54,
"HUN","NURSEGRAD","TOT","100000HAB","A","2015",43.87,
"HUN","NURSEGRAD","TOT","100000HAB","A","2016",41.9,
"HUN","NURSEGRAD","TOT","100000HAB","A","2017",61.86,
"HUN","NURSEGRAD","TOT","100000HAB","A","2018",61.92,
"HUN","NURSEGRAD","TOT","100000HAB","A","2019",49.99,
"ISL","NURSEGRAD","TOT","100000HAB","A","1996",60.61,
"ISL","NURSEGRAD","TOT","100000HAB","A","1997",71.18,
"ISL","NURSEGRAD","TOT","100000HAB","A","1998",72.98,
"ISL","NURSEGRAD","TOT","100000HAB","A","1999",63.81,
"ISL","NURSEGRAD","TOT","100000HAB","A","2000",57.61,
"ISL","NURSEGRAD","TOT","100000HAB","A","2001",66.32,
"ISL","NURSEGRAD","TOT","100000HAB","A","2002",53.21,
"ISL","NURSEGRAD","TOT","100000HAB","A","2003",57.34,
"ISL","NURSEGRAD","TOT","100000HAB","A","2004",81.83,
"ISL","NURSEGRAD","TOT","100000HAB","A","2005",67.4,
"ISL","NURSEGRAD","TOT","100000HAB","A","2006",90.86,
"ISL","NURSEGRAD","TOT","100000HAB","A","2007",71.89,
"ISL","NURSEGRAD","TOT","100000HAB","A","2008",103.02,
"ISL","NURSEGRAD","TOT","100000HAB","A","2009",64.68,
"ISL","NURSEGRAD","TOT","100000HAB","A","2010",77.98,
"ISL","NURSEGRAD","TOT","100000HAB","A","2011",65.2,
"ISL","NURSEGRAD","TOT","100000HAB","A","2012",69.84,
"ISL","NURSEGRAD","TOT","100000HAB","A","2013",72.89,
"ISL","NURSEGRAD","TOT","100000HAB","A","2014",82.17,
"ISL","NURSEGRAD","TOT","100000HAB","A","2015",72.24,
"ISL","NURSEGRAD","TOT","100000HAB","A","2016",65.59,
"ISL","NURSEGRAD","TOT","100000HAB","A","2017",73.68,
"ISL","NURSEGRAD","TOT","100000HAB","A","2018",55,
"ISL","NURSEGRAD","TOT","100000HAB","A","2019",59.63,
"IRL","NURSEGRAD","TOT","100000HAB","A","1980",62.44,
"IRL","NURSEGRAD","TOT","100000HAB","A","1981",60.56,
"IRL","NURSEGRAD","TOT","100000HAB","A","1982",58.95,
"IRL","NURSEGRAD","TOT","100000HAB","A","1983",53.24,
"IRL","NURSEGRAD","TOT","100000HAB","A","1984",55.51,
"IRL","NURSEGRAD","TOT","100000HAB","A","1985",53.36,
"IRL","NURSEGRAD","TOT","100000HAB","A","1986",51.7,
"IRL","NURSEGRAD","TOT","100000HAB","A","1987",49.41,
"IRL","NURSEGRAD","TOT","100000HAB","A","1988",43.18,
"IRL","NURSEGRAD","TOT","100000HAB","A","1989",43.49,
"IRL","NURSEGRAD","TOT","100000HAB","A","1990",44.85,
"IRL","NURSEGRAD","TOT","100000HAB","A","1991",34.66,
"IRL","NURSEGRAD","TOT","100000HAB","A","1992",42.1,
"IRL","NURSEGRAD","TOT","100000HAB","A","1993",37.11,
"IRL","NURSEGRAD","TOT","100000HAB","A","1994",37.93,
"IRL","NURSEGRAD","TOT","100000HAB","A","1995",38.38,
"IRL","NURSEGRAD","TOT","100000HAB","A","1996",42.28,
"IRL","NURSEGRAD","TOT","100000HAB","A","1997",39.6,
"IRL","NURSEGRAD","TOT","100000HAB","A","1998",36.71,
"IRL","NURSEGRAD","TOT","100000HAB","A","1999",40.06,
"IRL","NURSEGRAD","TOT","100000HAB","A","2000",38.42,
"IRL","NURSEGRAD","TOT","100000HAB","A","2001",26.49,
"IRL","NURSEGRAD","TOT","100000HAB","A","2002",31.28,
"IRL","NURSEGRAD","TOT","100000HAB","A","2003",30.28,
"IRL","NURSEGRAD","TOT","100000HAB","A","2004",44.15,
"IRL","NURSEGRAD","TOT","100000HAB","A","2005",34.26,
"IRL","NURSEGRAD","TOT","100000HAB","A","2006",35.28,
"IRL","NURSEGRAD","TOT","100000HAB","A","2007",32.05,
"IRL","NURSEGRAD","TOT","100000HAB","A","2008",35.01,
"IRL","NURSEGRAD","TOT","100000HAB","A","2009",31.75,
"IRL","NURSEGRAD","TOT","100000HAB","A","2010",35.99,
"IRL","NURSEGRAD","TOT","100000HAB","A","2011",37.55,
"IRL","NURSEGRAD","TOT","100000HAB","A","2012",33,
"IRL","NURSEGRAD","TOT","100000HAB","A","2013",33.05,
"IRL","NURSEGRAD","TOT","100000HAB","A","2014",31.35,
"IRL","NURSEGRAD","TOT","100000HAB","A","2015",28.75,
"IRL","NURSEGRAD","TOT","100000HAB","A","2016",29.31,
"IRL","NURSEGRAD","TOT","100000HAB","A","2017",28.93,
"IRL","NURSEGRAD","TOT","100000HAB","A","2018",29.11,
"IRL","NURSEGRAD","TOT","100000HAB","A","2019",28.92,
"ITA","NURSEGRAD","TOT","100000HAB","A","1997",2.56,
"ITA","NURSEGRAD","TOT","100000HAB","A","1998",3.4,
"ITA","NURSEGRAD","TOT","100000HAB","A","1999",4.27,
"ITA","NURSEGRAD","TOT","100000HAB","A","2000",5.45,
"ITA","NURSEGRAD","TOT","100000HAB","A","2001",5.48,
"ITA","NURSEGRAD","TOT","100000HAB","A","2002",10.02,"B"
"ITA","NURSEGRAD","TOT","100000HAB","A","2003",12.24,
"ITA","NURSEGRAD","TOT","100000HAB","A","2004",15.37,
"ITA","NURSEGRAD","TOT","100000HAB","A","2005",15.6,
"ITA","NURSEGRAD","TOT","100000HAB","A","2006",16.15,
"ITA","NURSEGRAD","TOT","100000HAB","A","2007",17.95,
"ITA","NURSEGRAD","TOT","100000HAB","A","2008",17.15,
"ITA","NURSEGRAD","TOT","100000HAB","A","2009",18.31,
"ITA","NURSEGRAD","TOT","100000HAB","A","2010",16.49,
"ITA","NURSEGRAD","TOT","100000HAB","A","2011",19.18,
"ITA","NURSEGRAD","TOT","100000HAB","A","2012",20.41,
"ITA","NURSEGRAD","TOT","100000HAB","A","2013",21.71,
"ITA","NURSEGRAD","TOT","100000HAB","A","2014",21.44,
"ITA","NURSEGRAD","TOT","100000HAB","A","2015",20.69,
"ITA","NURSEGRAD","TOT","100000HAB","A","2016",19.99,
"ITA","NURSEGRAD","TOT","100000HAB","A","2017",18.92,
"ITA","NURSEGRAD","TOT","100000HAB","A","2018",18.55,
"ITA","NURSEGRAD","TOT","100000HAB","A","2019",18.36,
"JPN","NURSEGRAD","TOT","100000HAB","A","1993",52.36,
"JPN","NURSEGRAD","TOT","100000HAB","A","1994",52.97,
"JPN","NURSEGRAD","TOT","100000HAB","A","1995",55,
"JPN","NURSEGRAD","TOT","100000HAB","A","1996",56.79,
"JPN","NURSEGRAD","TOT","100000HAB","A","1997",58.99,
"JPN","NURSEGRAD","TOT","100000HAB","A","1998",59.4,
"JPN","NURSEGRAD","TOT","100000HAB","A","1999",58.29,
"JPN","NURSEGRAD","TOT","100000HAB","A","2000",56.48,
"JPN","NURSEGRAD","TOT","100000HAB","A","2001",55.62,
"JPN","NURSEGRAD","TOT","100000HAB","A","2002",53.72,
"JPN","NURSEGRAD","TOT","100000HAB","A","2003",52.34,
"JPN","NURSEGRAD","TOT","100000HAB","A","2004",50.22,
"JPN","NURSEGRAD","TOT","100000HAB","A","2005",45.4,
"JPN","NURSEGRAD","TOT","100000HAB","A","2006",45.62,
"JPN","NURSEGRAD","TOT","100000HAB","A","2007",45.02,
"JPN","NURSEGRAD","TOT","100000HAB","A","2008",45.55,
"JPN","NURSEGRAD","TOT","100000HAB","A","2009",44.93,
"JPN","NURSEGRAD","TOT","100000HAB","A","2010",46.08,
"JPN","NURSEGRAD","TOT","100000HAB","A","2011",46.65,
"JPN","NURSEGRAD","TOT","100000HAB","A","2012",47.42,
"JPN","NURSEGRAD","TOT","100000HAB","A","2013",48.86,
"JPN","NURSEGRAD","TOT","100000HAB","A","2014",50.25,
"JPN","NURSEGRAD","TOT","100000HAB","A","2015",50.92,
"JPN","NURSEGRAD","TOT","100000HAB","A","2016",51.52,
"JPN","NURSEGRAD","TOT","100000HAB","A","2017",51.51,
"JPN","NURSEGRAD","TOT","100000HAB","A","2018",52.46,
"JPN","NURSEGRAD","TOT","100000HAB","A","2019",52.25,
"JPN","NURSEGRAD","TOT","100000HAB","A","2020",52.86,
"KOR","NURSEGRAD","TOT","100000HAB","A","2006",58.23,
"KOR","NURSEGRAD","TOT","100000HAB","A","2007",61.97,
"KOR","NURSEGRAD","TOT","100000HAB","A","2008",68.23,
"KOR","NURSEGRAD","TOT","100000HAB","A","2009",73.38,
"KOR","NURSEGRAD","TOT","100000HAB","A","2010",86.49,
"KOR","NURSEGRAD","TOT","100000HAB","A","2011",89.27,
"KOR","NURSEGRAD","TOT","100000HAB","A","2012",86.79,
"KOR","NURSEGRAD","TOT","100000HAB","A","2013",91.76,
"KOR","NURSEGRAD","TOT","100000HAB","A","2014",103.4,
"KOR","NURSEGRAD","TOT","100000HAB","A","2015",102.89,
"KOR","NURSEGRAD","TOT","100000HAB","A","2016",103.01,
"KOR","NURSEGRAD","TOT","100000HAB","A","2017",99.88,
"KOR","NURSEGRAD","TOT","100000HAB","A","2018",102.85,
"KOR","NURSEGRAD","TOT","100000HAB","A","2019",100.17,
"LUX","NURSEGRAD","TOT","100000HAB","A","1980",29.38,
"LUX","NURSEGRAD","TOT","100000HAB","A","1981",26.28,
"LUX","NURSEGRAD","TOT","100000HAB","A","1982",21.61,
"LUX","NURSEGRAD","TOT","100000HAB","A","1983",19.97,
"LUX","NURSEGRAD","TOT","100000HAB","A","1984",23.77,
"LUX","NURSEGRAD","TOT","100000HAB","A","1985",18,
"LUX","NURSEGRAD","TOT","100000HAB","A","1986",18.46,
"LUX","NURSEGRAD","TOT","100000HAB","A","1987",21.85,
"LUX","NURSEGRAD","TOT","100000HAB","A","1988",24.9,
"LUX","NURSEGRAD","TOT","100000HAB","A","1989",16.18,
"LUX","NURSEGRAD","TOT","100000HAB","A","1990",20.43,
"LUX","NURSEGRAD","TOT","100000HAB","A","1991",19.9,
"LUX","NURSEGRAD","TOT","100000HAB","A","1992",19.12,
"LUX","NURSEGRAD","TOT","100000HAB","A","1993",11.32,
"LUX","NURSEGRAD","TOT","100000HAB","A","1995",24.47,
"LUX","NURSEGRAD","TOT","100000HAB","A","1996",15.93,
"LUX","NURSEGRAD","TOT","100000HAB","A","1997",24.08,
"LUX","NURSEGRAD","TOT","100000HAB","A","1998",34.85,
"LUX","NURSEGRAD","TOT","100000HAB","A","1999",22.3,
"LUX","NURSEGRAD","TOT","100000HAB","A","2000",30.48,
"LUX","NURSEGRAD","TOT","100000HAB","A","2001",36.92,
"LUX","NURSEGRAD","TOT","100000HAB","A","2002",30.03,
"LUX","NURSEGRAD","TOT","100000HAB","A","2003",28.12,
"LUX","NURSEGRAD","TOT","100000HAB","A","2004",21.17,
"LUX","NURSEGRAD","TOT","100000HAB","A","2005",19.35,
"LUX","NURSEGRAD","TOT","100000HAB","A","2006",18.83,
"LUX","NURSEGRAD","TOT","100000HAB","A","2007",18.33,
"LUX","NURSEGRAD","TOT","100000HAB","A","2008",16.58,
"LUX","NURSEGRAD","TOT","100000HAB","A","2009",17.88,
"LUX","NURSEGRAD","TOT","100000HAB","A","2010",19.92,
"LUX","NURSEGRAD","TOT","100000HAB","A","2011",25.08,
"LUX","NURSEGRAD","TOT","100000HAB","A","2012",24.48,
"LUX","NURSEGRAD","TOT","100000HAB","A","2013",11.23,
"LUX","NURSEGRAD","TOT","100000HAB","A","2014",12.94,
"LUX","NURSEGRAD","TOT","100000HAB","A","2015",12.82,
"LUX","NURSEGRAD","TOT","100000HAB","A","2016",14.57,
"LUX","NURSEGRAD","TOT","100000HAB","A","2017",11.57,
"LUX","NURSEGRAD","TOT","100000HAB","A","2018",11.84,
"LUX","NURSEGRAD","TOT","100000HAB","A","2019",10.65,"P"
"MEX","NURSEGRAD","TOT","100000HAB","A","2000",1.86,"D"
"MEX","NURSEGRAD","TOT","100000HAB","A","2001",2.61,"D"
"MEX","NURSEGRAD","TOT","100000HAB","A","2002",3.06,"D"
"MEX","NURSEGRAD","TOT","100000HAB","A","2003",2.75,"D"
"MEX","NURSEGRAD","TOT","100000HAB","A","2004",3.9,"D"
"MEX","NURSEGRAD","TOT","100000HAB","A","2005",4.77,"D"
"MEX","NURSEGRAD","TOT","100000HAB","A","2006",5.28,"D"
"MEX","NURSEGRAD","TOT","100000HAB","A","2007",6.47,"D"
"MEX","NURSEGRAD","TOT","100000HAB","A","2008",6.58,"D"
"MEX","NURSEGRAD","TOT","100000HAB","A","2009",8.17,"D"
"MEX","NURSEGRAD","TOT","100000HAB","A","2010",9.55,"D"
"MEX","NURSEGRAD","TOT","100000HAB","A","2011",9.95,"D"
"MEX","NURSEGRAD","TOT","100000HAB","A","2012",10.54,"D"
"MEX","NURSEGRAD","TOT","100000HAB","A","2013",10.76,"D"
"MEX","NURSEGRAD","TOT","100000HAB","A","2014",10.6,"D"
"MEX","NURSEGRAD","TOT","100000HAB","A","2015",12.03,"D"
"MEX","NURSEGRAD","TOT","100000HAB","A","2016",15.59,"D"
"MEX","NURSEGRAD","TOT","100000HAB","A","2017",14.42,"D"
"MEX","NURSEGRAD","TOT","100000HAB","A","2018",15.53,
"NLD","NURSEGRAD","TOT","100000HAB","A","1983",61.38,
"NLD","NURSEGRAD","TOT","100000HAB","A","1984",58.35,
"NLD","NURSEGRAD","TOT","100000HAB","A","1985",55.42,
"NLD","NURSEGRAD","TOT","100000HAB","A","1987",45.65,
"NLD","NURSEGRAD","TOT","100000HAB","A","1988",59.17,
"NLD","NURSEGRAD","TOT","100000HAB","A","1989",59.43,
"NLD","NURSEGRAD","TOT","100000HAB","A","1990",50.88,
"NLD","NURSEGRAD","TOT","100000HAB","A","1991",51.25,
"NLD","NURSEGRAD","TOT","100000HAB","A","1992",51.64,
"NLD","NURSEGRAD","TOT","100000HAB","A","1993",55.35,
"NLD","NURSEGRAD","TOT","100000HAB","A","1994",39.24,
"NLD","NURSEGRAD","TOT","100000HAB","A","1995",44.11,
"NLD","NURSEGRAD","TOT","100000HAB","A","1996",43.72,
"NLD","NURSEGRAD","TOT","100000HAB","A","1997",31.7,
"NLD","NURSEGRAD","TOT","100000HAB","A","1998",32.49,
"NLD","NURSEGRAD","TOT","100000HAB","A","1999",33.52,
"NLD","NURSEGRAD","TOT","100000HAB","A","2000",28.5,
"NLD","NURSEGRAD","TOT","100000HAB","A","2001",36.11,
"NLD","NURSEGRAD","TOT","100000HAB","A","2002",39.02,
"NLD","NURSEGRAD","TOT","100000HAB","A","2003",38.46,
"NLD","NURSEGRAD","TOT","100000HAB","A","2004",35.75,
"NLD","NURSEGRAD","TOT","100000HAB","A","2005",33.13,
"NLD","NURSEGRAD","TOT","100000HAB","A","2006",34.03,
"NLD","NURSEGRAD","TOT","100000HAB","A","2007",35.87,
"NLD","NURSEGRAD","TOT","100000HAB","A","2008",37.56,
"NLD","NURSEGRAD","TOT","100000HAB","A","2009",38.24,
"NLD","NURSEGRAD","TOT","100000HAB","A","2010",39.23,
"NLD","NURSEGRAD","TOT","100000HAB","A","2011",37.02,
"NLD","NURSEGRAD","TOT","100000HAB","A","2012",36.05,
"NLD","NURSEGRAD","TOT","100000HAB","A","2013",36.54,
"NLD","NURSEGRAD","TOT","100000HAB","A","2014",39.31,
"NLD","NURSEGRAD","TOT","100000HAB","A","2015",41.68,
"NLD","NURSEGRAD","TOT","100000HAB","A","2016",43.28,
"NLD","NURSEGRAD","TOT","100000HAB","A","2017",52.77,
"NLD","NURSEGRAD","TOT","100000HAB","A","2018",57.57,
"NLD","NURSEGRAD","TOT","100000HAB","A","2019",58.58,"P"
"NZL","NURSEGRAD","TOT","100000HAB","A","1999",32.52,
"NZL","NURSEGRAD","TOT","100000HAB","A","2000",31.78,
"NZL","NURSEGRAD","TOT","100000HAB","A","2001",31.41,
"NZL","NURSEGRAD","TOT","100000HAB","A","2002",29.23,
"NZL","NURSEGRAD","TOT","100000HAB","A","2003",27.91,
"NZL","NURSEGRAD","TOT","100000HAB","A","2004",31.78,
"NZL","NURSEGRAD","TOT","100000HAB","A","2005",31.69,
"NZL","NURSEGRAD","TOT","100000HAB","A","2006",33.53,
"NZL","NURSEGRAD","TOT","100000HAB","A","2007",31.2,
"NZL","NURSEGRAD","TOT","100000HAB","A","2008",32.21,
"NZL","NURSEGRAD","TOT","100000HAB","A","2009",31.21,
"NZL","NURSEGRAD","TOT","100000HAB","A","2010",33.42,
"NZL","NURSEGRAD","TOT","100000HAB","A","2011",34.72,
"NZL","NURSEGRAD","TOT","100000HAB","A","2012",36.91,
"NZL","NURSEGRAD","TOT","100000HAB","A","2013",44.26,
"NZL","NURSEGRAD","TOT","100000HAB","A","2014",45.9,
"NZL","NURSEGRAD","TOT","100000HAB","A","2015",45.82,
"NZL","NURSEGRAD","TOT","100000HAB","A","2016",45.95,
"NZL","NURSEGRAD","TOT","100000HAB","A","2017",45.21,
"NZL","NURSEGRAD","TOT","100000HAB","A","2018",42.53,
"NZL","NURSEGRAD","TOT","100000HAB","A","2019",39.93,
"NOR","NURSEGRAD","TOT","100000HAB","A","1980",41.36,
"NOR","NURSEGRAD","TOT","100000HAB","A","1981",41.47,
"NOR","NURSEGRAD","TOT","100000HAB","A","1982",43.7,
"NOR","NURSEGRAD","TOT","100000HAB","A","1983",45.2,
"NOR","NURSEGRAD","TOT","100000HAB","A","1984",47.8,
"NOR","NURSEGRAD","TOT","100000HAB","A","1985",45.32,
"NOR","NURSEGRAD","TOT","100000HAB","A","1986",45.14,
"NOR","NURSEGRAD","TOT","100000HAB","A","1987",44.88,
"NOR","NURSEGRAD","TOT","100000HAB","A","1988",40.91,
"NOR","NURSEGRAD","TOT","100000HAB","A","1989",44.19,
"NOR","NURSEGRAD","TOT","100000HAB","A","1990",49.09,
"NOR","NURSEGRAD","TOT","100000HAB","A","1991",48.6,
"NOR","NURSEGRAD","TOT","100000HAB","A","1992",47.64,
"NOR","NURSEGRAD","TOT","100000HAB","A","1993",47.8,
"NOR","NURSEGRAD","TOT","100000HAB","A","1994",52.41,
"NOR","NURSEGRAD","TOT","100000HAB","A","1995",60.01,
"NOR","NURSEGRAD","TOT","100000HAB","A","1996",64.93,
"NOR","NURSEGRAD","TOT","100000HAB","A","1997",63.97,
"NOR","NURSEGRAD","TOT","100000HAB","A","1998",64.97,
"NOR","NURSEGRAD","TOT","100000HAB","A","1999",69.28,
"NOR","NURSEGRAD","TOT","100000HAB","A","2000",69.87,
"NOR","NURSEGRAD","TOT","100000HAB","A","2001",73.73,
"NOR","NURSEGRAD","TOT","100000HAB","A","2002",75.85,
"NOR","NURSEGRAD","TOT","100000HAB","A","2003",75.91,
"NOR","NURSEGRAD","TOT","100000HAB","A","2004",75.18,
"NOR","NURSEGRAD","TOT","100000HAB","A","2005",78.99,
"NOR","NURSEGRAD","TOT","100000HAB","A","2006",77.09,
"NOR","NURSEGRAD","TOT","100000HAB","A","2007",78.49,
"NOR","NURSEGRAD","TOT","100000HAB","A","2008",68.83,
"NOR","NURSEGRAD","TOT","100000HAB","A","2009",72.23,
"NOR","NURSEGRAD","TOT","100000HAB","A","2010",66.68,
"NOR","NURSEGRAD","TOT","100000HAB","A","2011",67.57,
"NOR","NURSEGRAD","TOT","100000HAB","A","2012",70.18,
"NOR","NURSEGRAD","TOT","100000HAB","A","2013",71.91,
"NOR","NURSEGRAD","TOT","100000HAB","A","2014",73.27,
"NOR","NURSEGRAD","TOT","100000HAB","A","2015",73.45,
"NOR","NURSEGRAD","TOT","100000HAB","A","2016",76.09,
"NOR","NURSEGRAD","TOT","100000HAB","A","2017",79.8,
"NOR","NURSEGRAD","TOT","100000HAB","A","2018",80.14,
"NOR","NURSEGRAD","TOT","100000HAB","A","2019",79.83,
"NOR","NURSEGRAD","TOT","100000HAB","A","2020",75.81,
"POL","NURSEGRAD","TOT","100000HAB","A","1980",1.15,
"POL","NURSEGRAD","TOT","100000HAB","A","1981",1.11,
"POL","NURSEGRAD","TOT","100000HAB","A","1982",1.08,
"POL","NURSEGRAD","TOT","100000HAB","A","1983",1.3,
"POL","NURSEGRAD","TOT","100000HAB","A","1984",1.26,
"POL","NURSEGRAD","TOT","100000HAB","A","1985",0.81,
"POL","NURSEGRAD","TOT","100000HAB","A","1986",0.81,
"POL","NURSEGRAD","TOT","100000HAB","A","1987",0.84,
"POL","NURSEGRAD","TOT","100000HAB","A","1988",0.57,
"POL","NURSEGRAD","TOT","100000HAB","A","1989",0.59,
"POL","NURSEGRAD","TOT","100000HAB","A","1990",0.57,"B"
"POL","NURSEGRAD","TOT","100000HAB","A","1991",0.73,
"POL","NURSEGRAD","TOT","100000HAB","A","1992",0.84,
"POL","NURSEGRAD","TOT","100000HAB","A","1993",0.87,
"POL","NURSEGRAD","TOT","100000HAB","A","1994",0.74,
"POL","NURSEGRAD","TOT","100000HAB","A","1995",0.76,
"POL","NURSEGRAD","TOT","100000HAB","A","1996",0.71,
"POL","NURSEGRAD","TOT","100000HAB","A","1997",0.59,
"POL","NURSEGRAD","TOT","100000HAB","A","1998",0.81,
"POL","NURSEGRAD","TOT","100000HAB","A","1999",1.07,
"POL","NURSEGRAD","TOT","100000HAB","A","2000",1.1,
"POL","NURSEGRAD","TOT","100000HAB","A","2001",1.76,
"POL","NURSEGRAD","TOT","100000HAB","A","2002",2.42,
"POL","NURSEGRAD","TOT","100000HAB","A","2003",2.47,
"POL","NURSEGRAD","TOT","100000HAB","A","2004",4.31,
"POL","NURSEGRAD","TOT","100000HAB","A","2005",7.07,
"POL","NURSEGRAD","TOT","100000HAB","A","2006",18.19,
"POL","NURSEGRAD","TOT","100000HAB","A","2007",20.77,
"POL","NURSEGRAD","TOT","100000HAB","A","2008",24.1,
"POL","NURSEGRAD","TOT","100000HAB","A","2009",22.09,
"POL","NURSEGRAD","TOT","100000HAB","A","2010",25.37,
"POL","NURSEGRAD","TOT","100000HAB","A","2011",45.51,
"POL","NURSEGRAD","TOT","100000HAB","A","2012",32.56,
"POL","NURSEGRAD","TOT","100000HAB","A","2013",35.65,
"POL","NURSEGRAD","TOT","100000HAB","A","2014",28.75,
"POL","NURSEGRAD","TOT","100000HAB","A","2015",32.08,
"POL","NURSEGRAD","TOT","100000HAB","A","2016",17.94,
"POL","NURSEGRAD","TOT","100000HAB","A","2017",21.07,
"POL","NURSEGRAD","TOT","100000HAB","A","2018",23.88,
"PRT","NURSEGRAD","TOT","100000HAB","A","1993",18.03,
"PRT","NURSEGRAD","TOT","100000HAB","A","1994",17.96,
"PRT","NURSEGRAD","TOT","100000HAB","A","1995",17.02,
"PRT","NURSEGRAD","TOT","100000HAB","A","1996",18.46,
"PRT","NURSEGRAD","TOT","100000HAB","A","1997",18.52,
"PRT","NURSEGRAD","TOT","100000HAB","A","1998",14.04,
"PRT","NURSEGRAD","TOT","100000HAB","A","1999",15.99,
"PRT","NURSEGRAD","TOT","100000HAB","A","2000",16.69,
"PRT","NURSEGRAD","TOT","100000HAB","A","2001",18.59,
"PRT","NURSEGRAD","TOT","100000HAB","A","2002",4.02,"B"
"PRT","NURSEGRAD","TOT","100000HAB","A","2003",17.54,
"PRT","NURSEGRAD","TOT","100000HAB","A","2004",21.04,
"PRT","NURSEGRAD","TOT","100000HAB","A","2005",28.12,
"PRT","NURSEGRAD","TOT","100000HAB","A","2006",32.85,
"PRT","NURSEGRAD","TOT","100000HAB","A","2007",34.09,
"PRT","NURSEGRAD","TOT","100000HAB","A","2008",33.82,
"PRT","NURSEGRAD","TOT","100000HAB","A","2009",35.88,
"PRT","NURSEGRAD","TOT","100000HAB","A","2010",35.05,
"PRT","NURSEGRAD","TOT","100000HAB","A","2011",32.12,
"PRT","NURSEGRAD","TOT","100000HAB","A","2012",28.58,
"PRT","NURSEGRAD","TOT","100000HAB","A","2013",25.49,
"PRT","NURSEGRAD","TOT","100000HAB","A","2014",25.71,
"PRT","NURSEGRAD","TOT","100000HAB","A","2015",26.22,
"PRT","NURSEGRAD","TOT","100000HAB","A","2016",24.48,
"PRT","NURSEGRAD","TOT","100000HAB","A","2017",24.48,
"PRT","NURSEGRAD","TOT","100000HAB","A","2018",25.09,
"PRT","NURSEGRAD","TOT","100000HAB","A","2019",26.56,
"SVK","NURSEGRAD","TOT","100000HAB","A","1980",39.62,
"SVK","NURSEGRAD","TOT","100000HAB","A","1982",39.05,
"SVK","NURSEGRAD","TOT","100000HAB","A","1984",44.92,
"SVK","NURSEGRAD","TOT","100000HAB","A","1985",45.24,
"SVK","NURSEGRAD","TOT","100000HAB","A","1986",43.69,
"SVK","NURSEGRAD","TOT","100000HAB","A","1987",43.06,
"SVK","NURSEGRAD","TOT","100000HAB","A","1988",40.09,
"SVK","NURSEGRAD","TOT","100000HAB","A","1989",42.15,
"SVK","NURSEGRAD","TOT","100000HAB","A","1990",40.97,
"SVK","NURSEGRAD","TOT","100000HAB","A","1991",44.07,
"SVK","NURSEGRAD","TOT","100000HAB","A","1992",49.24,
"SVK","NURSEGRAD","TOT","100000HAB","A","1993",56.88,
"SVK","NURSEGRAD","TOT","100000HAB","A","1994",63.95,
"SVK","NURSEGRAD","TOT","100000HAB","A","1995",76.74,
"SVK","NURSEGRAD","TOT","100000HAB","A","1996",65.02,
"SVK","NURSEGRAD","TOT","100000HAB","A","1997",49.82,
"SVK","NURSEGRAD","TOT","100000HAB","A","1998",49.79,
"SVK","NURSEGRAD","TOT","100000HAB","A","1999",55.73,
"SVK","NURSEGRAD","TOT","100000HAB","A","2000",53.89,
"SVK","NURSEGRAD","TOT","100000HAB","A","2001",49.53,
"SVK","NURSEGRAD","TOT","100000HAB","A","2002",51.8,
"SVK","NURSEGRAD","TOT","100000HAB","A","2003",41.28,
"SVK","NURSEGRAD","TOT","100000HAB","A","2004",61.15,
"SVK","NURSEGRAD","TOT","100000HAB","A","2005",32.22,"B"
"SVK","NURSEGRAD","TOT","100000HAB","A","2006",69.46,
"SVK","NURSEGRAD","TOT","100000HAB","A","2008",50.43,
"SVK","NURSEGRAD","TOT","100000HAB","A","2009",56.83,
"SVK","NURSEGRAD","TOT","100000HAB","A","2010",45.87,"B"
"SVK","NURSEGRAD","TOT","100000HAB","A","2011",46.2,
"SVK","NURSEGRAD","TOT","100000HAB","A","2012",44.68,
"SVK","NURSEGRAD","TOT","100000HAB","A","2013",42.88,
"SVK","NURSEGRAD","TOT","100000HAB","A","2014",35.3,
"SVK","NURSEGRAD","TOT","100000HAB","A","2015",34.16,
"SVK","NURSEGRAD","TOT","100000HAB","A","2016",29.87,
"SVK","NURSEGRAD","TOT","100000HAB","A","2017",30.96,
"SVK","NURSEGRAD","TOT","100000HAB","A","2018",26.44,
"SVK","NURSEGRAD","TOT","100000HAB","A","2019",21.73,
"ESP","NURSEGRAD","TOT","100000HAB","A","1980",13.98,
"ESP","NURSEGRAD","TOT","100000HAB","A","1981",12.33,
"ESP","NURSEGRAD","TOT","100000HAB","A","1982",10.9,
"ESP","NURSEGRAD","TOT","100000HAB","A","1983",12.21,
"ESP","NURSEGRAD","TOT","100000HAB","A","1984",12.4,
"ESP","NURSEGRAD","TOT","100000HAB","A","1985",12.83,
"ESP","NURSEGRAD","TOT","100000HAB","A","1986",12.87,
"ESP","NURSEGRAD","TOT","100000HAB","A","1987",14.6,
"ESP","NURSEGRAD","TOT","100000HAB","A","1988",13.98,
"ESP","NURSEGRAD","TOT","100000HAB","A","1989",14.92,
"ESP","NURSEGRAD","TOT","100000HAB","A","1990",13.53,
"ESP","NURSEGRAD","TOT","100000HAB","A","1991",14.16,
"ESP","NURSEGRAD","TOT","100000HAB","A","1992",13.42,
"ESP","NURSEGRAD","TOT","100000HAB","A","1993",16.09,
"ESP","NURSEGRAD","TOT","100000HAB","A","1994",19.9,
"ESP","NURSEGRAD","TOT","100000HAB","A","1995",20.29,
"ESP","NURSEGRAD","TOT","100000HAB","A","1996",20.33,
"ESP","NURSEGRAD","TOT","100000HAB","A","1997",20.79,
"ESP","NURSEGRAD","TOT","100000HAB","A","1998",20.29,
"ESP","NURSEGRAD","TOT","100000HAB","A","1999",21.21,
"ESP","NURSEGRAD","TOT","100000HAB","A","2000",21.34,
"ESP","NURSEGRAD","TOT","100000HAB","A","2001",21.03,
"ESP","NURSEGRAD","TOT","100000HAB","A","2002",20.27,
"ESP","NURSEGRAD","TOT","100000HAB","A","2003",20.69,
"ESP","NURSEGRAD","TOT","100000HAB","A","2004",19.85,
"ESP","NURSEGRAD","TOT","100000HAB","A","2005",19.93,
"ESP","NURSEGRAD","TOT","100000HAB","A","2006",19.74,
"ESP","NURSEGRAD","TOT","100000HAB","A","2007",19.34,
"ESP","NURSEGRAD","TOT","100000HAB","A","2008",19.56,
"ESP","NURSEGRAD","TOT","100000HAB","A","2009",20.43,
"ESP","NURSEGRAD","TOT","100000HAB","A","2010",21.68,
"ESP","NURSEGRAD","TOT","100000HAB","A","2011",24.93,
"ESP","NURSEGRAD","TOT","100000HAB","A","2012",17.52,"B"
"ESP","NURSEGRAD","TOT","100000HAB","A","2013",18.84,
"ESP","NURSEGRAD","TOT","100000HAB","A","2014",25.17,
"ESP","NURSEGRAD","TOT","100000HAB","A","2015",23.18,
"ESP","NURSEGRAD","TOT","100000HAB","A","2016",22.76,
"ESP","NURSEGRAD","TOT","100000HAB","A","2017",21.71,
"ESP","NURSEGRAD","TOT","100000HAB","A","2018",21.23,
"ESP","NURSEGRAD","TOT","100000HAB","A","2019",21.75,
"CHE","NURSEGRAD","TOT","100000HAB","A","1980",47.76,
"CHE","NURSEGRAD","TOT","100000HAB","A","1981",46.85,
"CHE","NURSEGRAD","TOT","100000HAB","A","1982",47.19,
"CHE","NURSEGRAD","TOT","100000HAB","A","1983",47.77,
"CHE","NURSEGRAD","TOT","100000HAB","A","1984",48.91,
"CHE","NURSEGRAD","TOT","100000HAB","A","1985",49.39,
"CHE","NURSEGRAD","TOT","100000HAB","A","1986",49.8,
"CHE","NURSEGRAD","TOT","100000HAB","A","1987",50.45,
"CHE","NURSEGRAD","TOT","100000HAB","A","1988",47.24,
"CHE","NURSEGRAD","TOT","100000HAB","A","1989",46.7,
"CHE","NURSEGRAD","TOT","100000HAB","A","1990",46.01,
"CHE","NURSEGRAD","TOT","100000HAB","A","1991",46.06,
"CHE","NURSEGRAD","TOT","100000HAB","A","1992",45.95,
"CHE","NURSEGRAD","TOT","100000HAB","A","1993",47.74,
"CHE","NURSEGRAD","TOT","100000HAB","A","1994",55.39,
"CHE","NURSEGRAD","TOT","100000HAB","A","1995",54.03,
"CHE","NURSEGRAD","TOT","100000HAB","A","1996",54.02,
"CHE","NURSEGRAD","TOT","100000HAB","A","1997",55.92,
"CHE","NURSEGRAD","TOT","100000HAB","A","1998",47.62,
"CHE","NURSEGRAD","TOT","100000HAB","A","1999",54.9,
"CHE","NURSEGRAD","TOT","100000HAB","A","2000",57.35,
"CHE","NURSEGRAD","TOT","100000HAB","A","2001",67.75,
"CHE","NURSEGRAD","TOT","100000HAB","A","2002",59.85,
"CHE","NURSEGRAD","TOT","100000HAB","A","2003",67.83,
"CHE","NURSEGRAD","TOT","100000HAB","A","2004",63.16,
"CHE","NURSEGRAD","TOT","100000HAB","A","2005",61.05,
"CHE","NURSEGRAD","TOT","100000HAB","A","2006",60.78,
"CHE","NURSEGRAD","TOT","100000HAB","A","2007",65.69,"B"
"CHE","NURSEGRAD","TOT","100000HAB","A","2008",67,
"CHE","NURSEGRAD","TOT","100000HAB","A","2009",74.1,"B"
"CHE","NURSEGRAD","TOT","100000HAB","A","2010",76.46,
"CHE","NURSEGRAD","TOT","100000HAB","A","2011",78.24,
"CHE","NURSEGRAD","TOT","100000HAB","A","2012",71.27,
"CHE","NURSEGRAD","TOT","100000HAB","A","2013",83.18,
"CHE","NURSEGRAD","TOT","100000HAB","A","2014",92.98,
"CHE","NURSEGRAD","TOT","100000HAB","A","2015",95.6,
"CHE","NURSEGRAD","TOT","100000HAB","A","2016",98.23,
"CHE","NURSEGRAD","TOT","100000HAB","A","2017",100.88,
"CHE","NURSEGRAD","TOT","100000HAB","A","2018",106.16,
"CHE","NURSEGRAD","TOT","100000HAB","A","2019",108.22,
"TUR","NURSEGRAD","TOT","100000HAB","A","1980",5.39,
"TUR","NURSEGRAD","TOT","100000HAB","A","1981",4.92,
"TUR","NURSEGRAD","TOT","100000HAB","A","1982",6.05,
"TUR","NURSEGRAD","TOT","100000HAB","A","1983",6.4,
"TUR","NURSEGRAD","TOT","100000HAB","A","1984",2.7,
"TUR","NURSEGRAD","TOT","100000HAB","A","1985",1.62,
"TUR","NURSEGRAD","TOT","100000HAB","A","1986",1.8,
"TUR","NURSEGRAD","TOT","100000HAB","A","1987",2.94,
"TUR","NURSEGRAD","TOT","100000HAB","A","1988",3.32,
"TUR","NURSEGRAD","TOT","100000HAB","A","1989",3.65,
"TUR","NURSEGRAD","TOT","100000HAB","A","1990",4.68,
"TUR","NURSEGRAD","TOT","100000HAB","A","1991",3.88,
"TUR","NURSEGRAD","TOT","100000HAB","A","1992",7.84,
"TUR","NURSEGRAD","TOT","100000HAB","A","1993",11.88,
"TUR","NURSEGRAD","TOT","100000HAB","A","1994",12.33,
"TUR","NURSEGRAD","TOT","100000HAB","A","1995",14.07,
"TUR","NURSEGRAD","TOT","100000HAB","A","1996",18.18,
"TUR","NURSEGRAD","TOT","100000HAB","A","1997",13.03,
"TUR","NURSEGRAD","TOT","100000HAB","A","1998",12.76,
"TUR","NURSEGRAD","TOT","100000HAB","A","1999",2.01,
"TUR","NURSEGRAD","TOT","100000HAB","A","2000",2.24,
"TUR","NURSEGRAD","TOT","100000HAB","A","2001",3.29,
"TUR","NURSEGRAD","TOT","100000HAB","A","2002",3.89,
"TUR","NURSEGRAD","TOT","100000HAB","A","2003",4.49,
"TUR","NURSEGRAD","TOT","100000HAB","A","2004",6.19,
"TUR","NURSEGRAD","TOT","100000HAB","A","2005",7.87,
"TUR","NURSEGRAD","TOT","100000HAB","A","2006",8.24,
"TUR","NURSEGRAD","TOT","100000HAB","A","2007",9.98,
"TUR","NURSEGRAD","TOT","100000HAB","A","2008",5.68,
"TUR","NURSEGRAD","TOT","100000HAB","A","2009",5.95,
"TUR","NURSEGRAD","TOT","100000HAB","A","2010",15.86,
"TUR","NURSEGRAD","TOT","100000HAB","A","2011",18.92,
"TUR","NURSEGRAD","TOT","100000HAB","A","2012",19.77,
"TUR","NURSEGRAD","TOT","100000HAB","A","2013",26.06,
"TUR","NURSEGRAD","TOT","100000HAB","A","2014",28.86,
"TUR","NURSEGRAD","TOT","100000HAB","A","2015",38.62,
"TUR","NURSEGRAD","TOT","100000HAB","A","2016",71.95,
"TUR","NURSEGRAD","TOT","100000HAB","A","2017",18.84,"B"
"TUR","NURSEGRAD","TOT","100000HAB","A","2018",19.35,
"TUR","NURSEGRAD","TOT","100000HAB","A","2019",18.67,
"GBR","NURSEGRAD","TOT","100000HAB","A","2002",24.49,"E"
"GBR","NURSEGRAD","TOT","100000HAB","A","2003",30.34,"E"
"GBR","NURSEGRAD","TOT","100000HAB","A","2004",32.46,"E"
"GBR","NURSEGRAD","TOT","100000HAB","A","2005",29.97,"E"
"GBR","NURSEGRAD","TOT","100000HAB","A","2006",30.45,"E"
"GBR","NURSEGRAD","TOT","100000HAB","A","2007",31.02,"E"
"GBR","NURSEGRAD","TOT","100000HAB","A","2008",32.16,"E"
"GBR","NURSEGRAD","TOT","100000HAB","A","2009",29.42,"E"
"GBR","NURSEGRAD","TOT","100000HAB","A","2010",27.55,"E"
"GBR","NURSEGRAD","TOT","100000HAB","A","2011",27.24,"E"
"GBR","NURSEGRAD","TOT","100000HAB","A","2012",29.88,"E"
"GBR","NURSEGRAD","TOT","100000HAB","A","2013",31.41,"E"
"GBR","NURSEGRAD","TOT","100000HAB","A","2014",29.06,"E"
"GBR","NURSEGRAD","TOT","100000HAB","A","2015",27,"E"
"GBR","NURSEGRAD","TOT","100000HAB","A","2016",27.1,"E"
"GBR","NURSEGRAD","TOT","100000HAB","A","2017",29.45,"E"
"GBR","NURSEGRAD","TOT","100000HAB","A","2018",30.89,"E"
"USA","NURSEGRAD","TOT","100000HAB","A","1997",46.93,
"USA","NURSEGRAD","TOT","100000HAB","A","1998",42.73,
"USA","NURSEGRAD","TOT","100000HAB","A","1999",39.7,
"USA","NURSEGRAD","TOT","100000HAB","A","2000",36.5,
"USA","NURSEGRAD","TOT","100000HAB","A","2001",35.8,
"USA","NURSEGRAD","TOT","100000HAB","A","2002",37.25,
"USA","NURSEGRAD","TOT","100000HAB","A","2003",40.86,
"USA","NURSEGRAD","TOT","100000HAB","A","2004",45.76,
"USA","NURSEGRAD","TOT","100000HAB","A","2005",50.59,
"USA","NURSEGRAD","TOT","100000HAB","A","2006",55.03,
"USA","NURSEGRAD","TOT","100000HAB","A","2007",57.6,
"USA","NURSEGRAD","TOT","100000HAB","A","2008",61.1,
"USA","NURSEGRAD","TOT","100000HAB","A","2009",63.43,
"USA","NURSEGRAD","TOT","100000HAB","A","2010",65.18,
"USA","NURSEGRAD","TOT","100000HAB","A","2011",65.06,
"USA","NURSEGRAD","TOT","100000HAB","A","2012",66.43,
"USA","NURSEGRAD","TOT","100000HAB","A","2013",63.4,
"USA","NURSEGRAD","TOT","100000HAB","A","2014",62.98,
"USA","NURSEGRAD","TOT","100000HAB","A","2015",63.11,
"USA","NURSEGRAD","TOT","100000HAB","A","2016",61.84,
"USA","NURSEGRAD","TOT","100000HAB","A","2017",61.82,
"USA","NURSEGRAD","TOT","100000HAB","A","2018",63.19,
"USA","NURSEGRAD","TOT","100000HAB","A","2019",65.57,
"CHL","NURSEGRAD","TOT","100000HAB","A","2005",4.2,
"CHL","NURSEGRAD","TOT","100000HAB","A","2006",5.19,
"CHL","NURSEGRAD","TOT","100000HAB","A","2007",4.29,
"CHL","NURSEGRAD","TOT","100000HAB","A","2008",7.38,
"CHL","NURSEGRAD","TOT","100000HAB","A","2009",7.74,
"CHL","NURSEGRAD","TOT","100000HAB","A","2010",11.59,
"CHL","NURSEGRAD","TOT","100000HAB","A","2011",10.73,
"CHL","NURSEGRAD","TOT","100000HAB","A","2012",11.79,
"CHL","NURSEGRAD","TOT","100000HAB","A","2013",12.55,
"CHL","NURSEGRAD","TOT","100000HAB","A","2014",18.6,
"CHL","NURSEGRAD","TOT","100000HAB","A","2015",21.56,
"CHL","NURSEGRAD","TOT","100000HAB","A","2016",24.97,
"CHL","NURSEGRAD","TOT","100000HAB","A","2017",28.85,
"CHL","NURSEGRAD","TOT","100000HAB","A","2018",29.7,
"CHL","NURSEGRAD","TOT","100000HAB","A","2019",31.14,
"CHL","NURSEGRAD","TOT","100000HAB","A","2020",28.35,
"EST","NURSEGRAD","TOT","100000HAB","A","1980",26.27,
"EST","NURSEGRAD","TOT","100000HAB","A","1981",26.28,
"EST","NURSEGRAD","TOT","100000HAB","A","1982",30.7,
"EST","NURSEGRAD","TOT","100000HAB","A","1983",30.49,
"EST","NURSEGRAD","TOT","100000HAB","A","1984",29.3,
"EST","NURSEGRAD","TOT","100000HAB","A","1985",30.55,
"EST","NURSEGRAD","TOT","100000HAB","A","1986",26.17,
"EST","NURSEGRAD","TOT","100000HAB","A","1987",30.73,
"EST","NURSEGRAD","TOT","100000HAB","A","1988",28.88,
"EST","NURSEGRAD","TOT","100000HAB","A","1989",28.89,
"EST","NURSEGRAD","TOT","100000HAB","A","1990",30.4,
"EST","NURSEGRAD","TOT","100000HAB","A","1991",33.24,
"EST","NURSEGRAD","TOT","100000HAB","A","1992",39.66,
"EST","NURSEGRAD","TOT","100000HAB","A","1993",29.58,
"EST","NURSEGRAD","TOT","100000HAB","A","1994",24.27,
"EST","NURSEGRAD","TOT","100000HAB","A","1995",21.23,
"EST","NURSEGRAD","TOT","100000HAB","A","1996",19.57,
"EST","NURSEGRAD","TOT","100000HAB","A","1997",16.29,
"EST","NURSEGRAD","TOT","100000HAB","A","1998",20.99,
"EST","NURSEGRAD","TOT","100000HAB","A","1999",5.11,"B"
"EST","NURSEGRAD","TOT","100000HAB","A","2000",19.76,
"EST","NURSEGRAD","TOT","100000HAB","A","2001",23.56,
"EST","NURSEGRAD","TOT","100000HAB","A","2002",29.29,
"EST","NURSEGRAD","TOT","100000HAB","A","2003",31.81,
"EST","NURSEGRAD","TOT","100000HAB","A","2004",28.62,
"EST","NURSEGRAD","TOT","100000HAB","A","2005",35.65,
"EST","NURSEGRAD","TOT","100000HAB","A","2006",34.9,
"EST","NURSEGRAD","TOT","100000HAB","A","2007",44.08,
"EST","NURSEGRAD","TOT","100000HAB","A","2008",24.83,
"EST","NURSEGRAD","TOT","100000HAB","A","2009",32.45,
"EST","NURSEGRAD","TOT","100000HAB","A","2010",28.46,
"EST","NURSEGRAD","TOT","100000HAB","A","2011",29.15,
"EST","NURSEGRAD","TOT","100000HAB","A","2012",34.4,
"EST","NURSEGRAD","TOT","100000HAB","A","2013",35.43,
"EST","NURSEGRAD","TOT","100000HAB","A","2014",34.31,
"EST","NURSEGRAD","TOT","100000HAB","A","2015",32.61,
"EST","NURSEGRAD","TOT","100000HAB","A","2016",32.38,
"EST","NURSEGRAD","TOT","100000HAB","A","2017",35.45,
"EST","NURSEGRAD","TOT","100000HAB","A","2018",29.5,
"EST","NURSEGRAD","TOT","100000HAB","A","2019",28.86,
"EST","NURSEGRAD","TOT","100000HAB","A","2020",27.62,
"ISR","NURSEGRAD","TOT","100000HAB","A","2000",15.84,
"ISR","NURSEGRAD","TOT","100000HAB","A","2001",17.1,
"ISR","NURSEGRAD","TOT","100000HAB","A","2002",19.53,
"ISR","NURSEGRAD","TOT","100000HAB","A","2003",16.02,
"ISR","NURSEGRAD","TOT","100000HAB","A","2004",15.88,
"ISR","NURSEGRAD","TOT","100000HAB","A","2005",16.61,
"ISR","NURSEGRAD","TOT","100000HAB","A","2006",15.33,
"ISR","NURSEGRAD","TOT","100000HAB","A","2007",14.07,
"ISR","NURSEGRAD","TOT","100000HAB","A","2008",13.13,
"ISR","NURSEGRAD","TOT","100000HAB","A","2009",11.49,
"ISR","NURSEGRAD","TOT","100000HAB","A","2010",11.12,
"ISR","NURSEGRAD","TOT","100000HAB","A","2011",11.32,
"ISR","NURSEGRAD","TOT","100000HAB","A","2012",14.04,
"ISR","NURSEGRAD","TOT","100000HAB","A","2013",15.77,
"ISR","NURSEGRAD","TOT","100000HAB","A","2014",22.07,
"ISR","NURSEGRAD","TOT","100000HAB","A","2015",19,
"ISR","NURSEGRAD","TOT","100000HAB","A","2016",20.97,
"ISR","NURSEGRAD","TOT","100000HAB","A","2017",24.18,
"ISR","NURSEGRAD","TOT","100000HAB","A","2018",23.92,
"ISR","NURSEGRAD","TOT","100000HAB","A","2019",26.55,
"ISR","NURSEGRAD","TOT","100000HAB","A","2020",29.11,
"SVN","NURSEGRAD","TOT","100000HAB","A","2000",68.58,
"SVN","NURSEGRAD","TOT","100000HAB","A","2001",71.89,
"SVN","NURSEGRAD","TOT","100000HAB","A","2002",85.48,
"SVN","NURSEGRAD","TOT","100000HAB","A","2003",71.8,
"SVN","NURSEGRAD","TOT","100000HAB","A","2004",76.86,
"SVN","NURSEGRAD","TOT","100000HAB","A","2005",73.98,
"SVN","NURSEGRAD","TOT","100000HAB","A","2006",85.86,
"SVN","NURSEGRAD","TOT","100000HAB","A","2007",88.6,
"SVN","NURSEGRAD","TOT","100000HAB","A","2008",84.65,
"SVN","NURSEGRAD","TOT","100000HAB","A","2009",80.45,
"SVN","NURSEGRAD","TOT","100000HAB","A","2010",81.28,
"SVN","NURSEGRAD","TOT","100000HAB","A","2011",81.79,
"SVN","NURSEGRAD","TOT","100000HAB","A","2012",78.46,
"SVN","NURSEGRAD","TOT","100000HAB","A","2013",77.57,
"SVN","NURSEGRAD","TOT","100000HAB","A","2014",78.13,
"SVN","NURSEGRAD","TOT","100000HAB","A","2015",77.49,
"SVN","NURSEGRAD","TOT","100000HAB","A","2016",90.26,
"SVN","NURSEGRAD","TOT","100000HAB","A","2017",75.4,
"SVN","NURSEGRAD","TOT","100000HAB","A","2018",78.11,
"LVA","NURSEGRAD","TOT","100000HAB","A","1985",50.41,
"LVA","NURSEGRAD","TOT","100000HAB","A","1986",42.31,
"LVA","NURSEGRAD","TOT","100000HAB","A","1987",51.89,
"LVA","NURSEGRAD","TOT","100000HAB","A","1988",51.97,
"LVA","NURSEGRAD","TOT","100000HAB","A","1989",51.41,
"LVA","NURSEGRAD","TOT","100000HAB","A","1990",43.67,
"LVA","NURSEGRAD","TOT","100000HAB","A","1991",41.5,
"LVA","NURSEGRAD","TOT","100000HAB","A","1992",41.23,
"LVA","NURSEGRAD","TOT","100000HAB","A","1993",20.05,
"LVA","NURSEGRAD","TOT","100000HAB","A","1994",27.37,
"LVA","NURSEGRAD","TOT","100000HAB","A","1995",33.84,
"LVA","NURSEGRAD","TOT","100000HAB","A","1996",17.62,
"LVA","NURSEGRAD","TOT","100000HAB","A","1997",15.41,
"LVA","NURSEGRAD","TOT","100000HAB","A","1998",13.86,
"LVA","NURSEGRAD","TOT","100000HAB","A","1999",9.71,
"LVA","NURSEGRAD","TOT","100000HAB","A","2000",9.59,
"LVA","NURSEGRAD","TOT","100000HAB","A","2001",9.84,
"LVA","NURSEGRAD","TOT","100000HAB","A","2002",14.02,
"LVA","NURSEGRAD","TOT","100000HAB","A","2003",14.6,
"LVA","NURSEGRAD","TOT","100000HAB","A","2004",16.7,
"LVA","NURSEGRAD","TOT","100000HAB","A","2005",17.73,
"LVA","NURSEGRAD","TOT","100000HAB","A","2006",19.34,
"LVA","NURSEGRAD","TOT","100000HAB","A","2007",25.18,
"LVA","NURSEGRAD","TOT","100000HAB","A","2008",21.59,"B"
"LVA","NURSEGRAD","TOT","100000HAB","A","2009",19.98,
"LVA","NURSEGRAD","TOT","100000HAB","A","2010",38.43,"B"
"LVA","NURSEGRAD","TOT","100000HAB","A","2011",79.91,
"LVA","NURSEGRAD","TOT","100000HAB","A","2012",29.1,
"LVA","NURSEGRAD","TOT","100000HAB","A","2013",92.66,
"LVA","NURSEGRAD","TOT","100000HAB","A","2014",27.89,"B"
"LVA","NURSEGRAD","TOT","100000HAB","A","2015",27.56,
"LVA","NURSEGRAD","TOT","100000HAB","A","2016",20,
"LVA","NURSEGRAD","TOT","100000HAB","A","2017",27.49,
"LVA","NURSEGRAD","TOT","100000HAB","A","2018",26.72,
"LVA","NURSEGRAD","TOT","100000HAB","A","2019",26.86,
"LVA","NURSEGRAD","TOT","100000HAB","A","2020",29.2,
"LTU","NURSEGRAD","TOT","100000HAB","A","1980",46.94,
"LTU","NURSEGRAD","TOT","100000HAB","A","1981",51.27,
"LTU","NURSEGRAD","TOT","100000HAB","A","1982",50.97,
"LTU","NURSEGRAD","TOT","100000HAB","A","1983",50.1,
"LTU","NURSEGRAD","TOT","100000HAB","A","1984",51.33,
"LTU","NURSEGRAD","TOT","100000HAB","A","1985",46.04,
"LTU","NURSEGRAD","TOT","100000HAB","A","1986",45.18,
"LTU","NURSEGRAD","TOT","100000HAB","A","1987",44.49,
"LTU","NURSEGRAD","TOT","100000HAB","A","1988",42.19,
"LTU","NURSEGRAD","TOT","100000HAB","A","1989",47.83,
"LTU","NURSEGRAD","TOT","100000HAB","A","1990",46.41,
"LTU","NURSEGRAD","TOT","100000HAB","A","1991",46,
"LTU","NURSEGRAD","TOT","100000HAB","A","1992",16.62,
"LTU","NURSEGRAD","TOT","100000HAB","A","1993",36.12,
"LTU","NURSEGRAD","TOT","100000HAB","A","1994",34.34,
"LTU","NURSEGRAD","TOT","100000HAB","A","1995",27.09,
"LTU","NURSEGRAD","TOT","100000HAB","A","1996",21.05,
"LTU","NURSEGRAD","TOT","100000HAB","A","1997",20.59,
"LTU","NURSEGRAD","TOT","100000HAB","A","1998",15.69,
"LTU","NURSEGRAD","TOT","100000HAB","A","1999",5.05,
"LTU","NURSEGRAD","TOT","100000HAB","A","2000",17.4,
"LTU","NURSEGRAD","TOT","100000HAB","A","2001",14.26,
"LTU","NURSEGRAD","TOT","100000HAB","A","2002",11.5,
"LTU","NURSEGRAD","TOT","100000HAB","A","2003",18.89,
"LTU","NURSEGRAD","TOT","100000HAB","A","2004",14.78,
"LTU","NURSEGRAD","TOT","100000HAB","A","2005",21.04,
"LTU","NURSEGRAD","TOT","100000HAB","A","2006",20.25,
"LTU","NURSEGRAD","TOT","100000HAB","A","2007",28.87,
"LTU","NURSEGRAD","TOT","100000HAB","A","2008",21.51,
"LTU","NURSEGRAD","TOT","100000HAB","A","2009",19.92,
"LTU","NURSEGRAD","TOT","100000HAB","A","2010",18.76,
"LTU","NURSEGRAD","TOT","100000HAB","A","2011",18.96,
"LTU","NURSEGRAD","TOT","100000HAB","A","2012",15.86,
"LTU","NURSEGRAD","TOT","100000HAB","A","2013",16.97,
"LTU","NURSEGRAD","TOT","100000HAB","A","2014",18.28,
"LTU","NURSEGRAD","TOT","100000HAB","A","2015",18.42,
"LTU","NURSEGRAD","TOT","100000HAB","A","2016",18.93,
"LTU","NURSEGRAD","TOT","100000HAB","A","2017",20.22,
"LTU","NURSEGRAD","TOT","100000HAB","A","2018",21.6,
"LTU","NURSEGRAD","TOT","100000HAB","A","2019",21.97,
"GRC","NURSEGRAD","TOT","100000HAB","A","2007",19.98,
"GRC","NURSEGRAD","TOT","100000HAB","A","2008",23.77,
"GRC","NURSEGRAD","TOT","100000HAB","A","2009",25.78,
"GRC","NURSEGRAD","TOT","100000HAB","A","2010",23.46,
"GRC","NURSEGRAD","TOT","100000HAB","A","2011",74.17,"B"
"GRC","NURSEGRAD","TOT","100000HAB","A","2012",58.3,
"GRC","NURSEGRAD","TOT","100000HAB","A","2013",57.96,
"GRC","NURSEGRAD","TOT","100000HAB","A","2014",33.84,
"GRC","NURSEGRAD","TOT","100000HAB","A","2015",21.2,
"GRC","NURSEGRAD","TOT","100000HAB","A","2016",67.88,
"GRC","NURSEGRAD","TOT","100000HAB","A","2017",81.56,
"GRC","NURSEGRAD","TOT","100000HAB","A","2018",66.91,
"COL","NURSEGRAD","TOT","100000HAB","A","2001",4.16,"E"
"COL","NURSEGRAD","TOT","100000HAB","A","2002",4.11,"E"
"COL","NURSEGRAD","TOT","100000HAB","A","2003",4.99,"E"
"COL","NURSEGRAD","TOT","100000HAB","A","2004",5.45,"E"
"COL","NURSEGRAD","TOT","100000HAB","A","2005",5.27,"E"
"COL","NURSEGRAD","TOT","100000HAB","A","2006",4.78,"E"
"COL","NURSEGRAD","TOT","100000HAB","A","2007",6.29,"E"
"COL","NURSEGRAD","TOT","100000HAB","A","2008",6.19,"E"
"COL","NURSEGRAD","TOT","100000HAB","A","2009",5.93,"E"
"COL","NURSEGRAD","TOT","100000HAB","A","2010",6.92,"E"
"COL","NURSEGRAD","TOT","100000HAB","A","2011",7.76,"E"
"COL","NURSEGRAD","TOT","100000HAB","A","2012",7.4,"E"
"COL","NURSEGRAD","TOT","100000HAB","A","2013",7.94,"E"
"COL","NURSEGRAD","TOT","100000HAB","A","2014",7.62,"E"
"COL","NURSEGRAD","TOT","100000HAB","A","2015",8.45,"E"
"COL","NURSEGRAD","TOT","100000HAB","A","2016",8.06,"E"
"COL","NURSEGRAD","TOT","100000HAB","A","2017",8.06,"E"
"COL","NURSEGRAD","TOT","100000HAB","A","2018",7.67,"E"
"COL","NURSEGRAD","TOT","100000HAB","A","2019",7.67,"E"
